precinct,date,all_collisions,injury_collisions,fatal_collisions,injures,fatalities,cyclists_involved,pedestrians_involved,year,week
123,2012-07-01,6,1,0,1,0,0,0,2012,26
123,2012-07-02,5,1,0,2,0,0,0,2012,27
123,2012-07-03,1,0,0,0,0,0,0,2012,27
123,2012-07-04,2,0,0,0,0,0,0,2012,27
123,2012-07-05,8,1,0,1,0,1,0,2012,27
123,2012-07-06,5,1,0,1,0,0,0,2012,27
123,2012-07-07,5,0,0,0,0,0,0,2012,27
123,2012-07-08,4,1,0,2,0,0,0,2012,27
123,2012-07-09,2,1,0,1,0,0,0,2012,28
123,2012-07-10,1,0,0,0,0,0,0,2012,28
123,2012-07-11,3,1,0,1,0,0,0,2012,28
123,2012-07-12,6,2,0,4,0,0,0,2012,28
123,2012-07-13,4,0,0,0,0,0,0,2012,28
123,2012-07-14,6,0,0,0,0,0,0,2012,28
123,2012-07-15,6,1,0,1,0,0,0,2012,28
123,2012-07-16,5,1,0,1,0,0,0,2012,29
123,2012-07-17,2,0,0,0,0,0,0,2012,29
123,2012-07-18,4,0,0,0,0,0,0,2012,29
123,2012-07-19,2,0,0,0,0,0,0,2012,29
123,2012-07-20,2,1,0,1,0,0,0,2012,29
123,2012-07-21,3,1,0,1,0,0,0,2012,29
123,2012-07-22,3,0,0,0,0,0,0,2012,29
123,2012-07-23,3,0,0,0,0,0,0,2012,30
123,2012-07-24,4,0,0,0,0,0,0,2012,30
123,2012-07-25,3,0,0,0,0,0,0,2012,30
123,2012-07-26,4,2,0,3,0,0,0,2012,30
123,2012-07-27,6,3,0,5,0,1,0,2012,30
123,2012-07-28,2,0,0,0,0,0,0,2012,30
123,2012-07-29,3,0,0,0,0,0,0,2012,30
123,2012-07-30,7,0,0,0,0,0,0,2012,31
123,2012-07-31,5,1,0,1,0,0,0,2012,31
123,2012-08-01,7,3,0,4,0,0,0,2012,31
123,2012-08-02,6,0,0,0,0,0,0,2012,31
123,2012-08-03,6,1,0,3,0,0,0,2012,31
123,2012-08-04,6,0,0,0,0,0,0,2012,31
123,2012-08-05,5,0,0,0,0,0,0,2012,31
123,2012-08-06,2,1,0,1,0,0,0,2012,32
123,2012-08-07,7,1,0,2,0,0,0,2012,32
123,2012-08-08,3,2,0,3,0,0,0,2012,32
123,2012-08-09,5,0,0,0,0,0,0,2012,32
123,2012-08-10,4,1,0,2,0,0,0,2012,32
123,2012-08-11,3,0,0,0,0,0,0,2012,32
123,2012-08-12,3,1,0,1,0,0,0,2012,32
123,2012-08-13,6,1,0,1,0,0,0,2012,33
123,2012-08-14,4,1,0,1,0,0,0,2012,33
123,2012-08-15,6,1,0,3,0,0,0,2012,33
123,2012-08-16,6,1,0,1,0,0,0,2012,33
123,2012-08-17,4,0,0,0,0,0,0,2012,33
123,2012-08-18,5,1,0,2,0,0,0,2012,33
123,2012-08-19,5,1,0,2,0,0,0,2012,33
123,2012-08-20,3,0,0,0,0,0,0,2012,34
123,2012-08-21,4,1,0,1,0,0,0,2012,34
123,2012-08-22,3,1,0,1,0,0,0,2012,34
123,2012-08-23,7,2,0,2,0,0,0,2012,34
123,2012-08-24,5,0,0,0,0,0,0,2012,34
123,2012-08-25,6,0,0,0,0,0,0,2012,34
123,2012-08-26,4,1,0,1,0,0,0,2012,34
123,2012-08-27,8,2,1,6,2,0,0,2012,35
123,2012-08-28,5,0,0,0,0,0,0,2012,35
123,2012-08-29,4,2,0,4,0,0,0,2012,35
123,2012-08-30,9,1,0,1,0,0,0,2012,35
123,2012-08-31,10,2,0,4,0,0,0,2012,35
123,2012-09-01,5,1,0,1,0,0,0,2012,35
123,2012-09-02,2,0,0,0,0,0,0,2012,35
123,2012-09-04,6,2,0,2,0,0,0,2012,36
123,2012-09-05,5,1,0,1,0,0,0,2012,36
123,2012-09-06,2,0,0,0,0,0,0,2012,36
123,2012-09-07,7,2,0,3,0,0,0,2012,36
123,2012-09-08,6,2,0,2,0,0,0,2012,36
123,2012-09-09,5,0,0,0,0,0,0,2012,36
123,2012-09-10,5,3,0,3,0,0,1,2012,37
123,2012-09-11,1,0,0,0,0,0,0,2012,37
123,2012-09-12,7,0,0,0,0,0,0,2012,37
123,2012-09-13,5,1,0,1,0,0,0,2012,37
123,2012-09-14,3,1,0,1,0,0,0,2012,37
123,2012-09-15,1,0,0,0,0,0,0,2012,37
123,2012-09-16,3,1,0,1,0,0,0,2012,37
123,2012-09-17,3,1,0,3,0,0,0,2012,38
123,2012-09-18,3,0,0,0,0,0,0,2012,38
123,2012-09-19,3,0,0,0,0,0,0,2012,38
123,2012-09-20,7,3,0,6,0,0,0,2012,38
123,2012-09-21,10,3,0,5,0,0,0,2012,38
123,2012-09-22,4,0,0,0,0,0,0,2012,38
123,2012-09-23,6,1,0,1,0,0,0,2012,38
123,2012-09-24,2,0,0,0,0,0,0,2012,39
123,2012-09-25,4,2,0,6,0,0,0,2012,39
123,2012-09-26,6,0,0,0,0,0,0,2012,39
123,2012-09-27,5,3,0,3,0,0,1,2012,39
123,2012-09-28,8,1,0,2,0,0,2,2012,39
123,2012-09-29,7,0,0,0,0,0,0,2012,39
123,2012-09-30,8,1,0,2,0,0,0,2012,39
123,2012-10-01,2,0,0,0,0,0,0,2012,40
123,2012-10-02,5,2,0,2,0,0,1,2012,40
123,2012-10-03,1,1,0,1,0,0,0,2012,40
123,2012-10-04,4,1,0,2,0,0,0,2012,40
123,2012-10-05,9,1,0,2,0,0,0,2012,40
123,2012-10-06,4,2,0,4,0,0,0,2012,40
123,2012-10-07,3,1,0,1,0,0,0,2012,40
123,2012-10-08,1,0,0,0,0,0,0,2012,41
123,2012-10-09,5,3,0,5,0,0,0,2012,41
123,2012-10-10,6,1,0,2,0,0,0,2012,41
123,2012-10-11,3,0,0,0,0,0,0,2012,41
123,2012-10-12,4,1,0,1,0,0,0,2012,41
123,2012-10-13,5,1,0,1,0,0,0,2012,41
123,2012-10-14,4,0,0,0,0,0,0,2012,41
123,2012-10-15,1,1,0,1,0,0,0,2012,42
123,2012-10-16,4,1,0,3,0,0,0,2012,42
123,2012-10-17,7,3,0,3,0,0,0,2012,42
123,2012-10-18,4,0,0,0,0,0,0,2012,42
123,2012-10-19,8,1,0,1,0,0,0,2012,42
123,2012-10-20,8,3,0,5,0,0,0,2012,42
123,2012-10-21,1,0,0,0,0,0,0,2012,42
123,2012-10-22,3,0,0,0,0,0,0,2012,43
123,2012-10-23,3,0,0,0,0,0,0,2012,43
123,2012-10-24,7,3,0,4,0,0,0,2012,43
123,2012-10-25,3,0,0,0,0,0,0,2012,43
123,2012-10-26,3,1,0,2,0,0,0,2012,43
123,2012-10-27,5,1,0,2,0,0,0,2012,43
123,2012-10-28,3,0,0,0,0,0,0,2012,43
123,2012-10-30,1,1,0,2,0,0,0,2012,44
123,2012-10-31,3,1,0,4,0,0,0,2012,44
123,2012-11-01,7,3,0,4,0,0,1,2012,44
123,2012-11-02,1,0,0,0,0,0,0,2012,44
123,2012-11-03,3,1,0,1,0,0,0,2012,44
123,2012-11-04,3,2,0,2,0,0,0,2012,44
123,2012-11-05,4,1,0,1,0,0,0,2012,45
123,2012-11-06,5,0,0,0,0,0,0,2012,45
123,2012-11-07,2,0,0,0,0,0,0,2012,45
123,2012-11-08,6,0,0,0,0,0,0,2012,45
123,2012-11-09,3,1,0,1,0,0,0,2012,45
123,2012-11-10,9,0,0,0,0,0,0,2012,45
123,2012-11-11,9,1,0,1,0,0,0,2012,45
123,2012-11-12,2,1,0,2,0,0,0,2012,46
123,2012-11-13,4,1,0,1,0,0,0,2012,46
123,2012-11-14,6,2,0,5,0,0,0,2012,46
123,2012-11-15,3,1,0,1,0,0,0,2012,46
123,2012-11-16,6,2,0,2,0,0,0,2012,46
123,2012-11-17,6,1,0,1,0,0,1,2012,46
123,2012-11-18,5,0,0,0,0,0,0,2012,46
123,2012-11-19,6,1,0,2,0,0,0,2012,47
123,2012-11-20,8,1,0,1,0,0,1,2012,47
123,2012-11-21,2,0,0,0,0,0,0,2012,47
123,2012-11-22,6,1,0,1,0,0,0,2012,47
123,2012-11-23,7,2,0,3,0,0,0,2012,47
123,2012-11-24,4,1,0,2,0,0,0,2012,47
123,2012-11-25,4,1,0,1,0,0,0,2012,47
123,2012-11-26,1,0,0,0,0,0,0,2012,48
123,2012-11-27,2,0,0,0,0,0,0,2012,48
123,2012-11-28,8,2,0,2,0,0,0,2012,48
123,2012-11-29,4,2,0,3,0,0,0,2012,48
123,2012-11-30,5,2,0,2,0,0,0,2012,48
123,2012-12-01,3,1,0,1,0,0,0,2012,48
123,2012-12-02,1,0,0,0,0,0,0,2012,48
123,2012-12-03,1,0,0,0,0,0,0,2012,49
123,2012-12-04,1,0,0,0,0,0,0,2012,49
123,2012-12-05,5,1,0,2,0,0,0,2012,49
123,2012-12-06,5,1,0,1,0,0,0,2012,49
123,2012-12-07,8,0,0,0,0,0,0,2012,49
123,2012-12-08,5,1,0,2,0,0,0,2012,49
123,2012-12-09,4,1,0,2,0,0,0,2012,49
123,2012-12-10,6,2,0,2,0,0,2,2012,50
123,2012-12-11,7,2,0,2,0,0,1,2012,50
123,2012-12-12,4,0,0,0,0,0,0,2012,50
123,2012-12-13,1,0,0,0,0,0,0,2012,50
123,2012-12-14,6,1,0,1,0,0,0,2012,50
123,2012-12-15,3,0,0,0,0,0,0,2012,50
123,2012-12-16,2,0,0,0,0,0,0,2012,50
123,2012-12-17,5,0,0,0,0,0,0,2012,51
123,2012-12-18,3,1,0,1,0,0,0,2012,51
123,2012-12-19,7,0,0,0,0,0,0,2012,51
123,2012-12-20,10,3,0,5,0,0,0,2012,51
123,2012-12-21,6,0,0,0,0,0,0,2012,51
123,2012-12-22,4,1,0,1,0,0,0,2012,51
123,2012-12-23,2,0,0,0,0,0,0,2012,51
123,2012-12-24,3,0,0,0,0,0,0,2012,52
123,2012-12-25,1,0,0,0,0,0,0,2012,52
123,2012-12-26,7,1,0,1,0,0,1,2012,52
123,2012-12-27,4,0,0,0,0,0,0,2012,52
123,2012-12-28,5,2,0,2,0,0,1,2012,52
123,2012-12-29,4,2,0,2,0,0,0,2012,52
123,2012-12-30,3,0,0,0,0,0,0,2012,52
123,2012-12-31,4,2,0,4,0,0,0,2012,1
123,2013-01-01,7,1,0,1,0,0,0,2013,1
123,2013-01-02,3,1,0,1,0,0,0,2013,1
123,2013-01-03,3,1,0,1,0,0,0,2013,1
123,2013-01-04,3,0,0,0,0,0,0,2013,1
123,2013-01-05,5,1,0,2,0,0,0,2013,1
123,2013-01-06,2,0,0,0,0,0,0,2013,1
123,2013-01-07,4,2,0,4,0,0,0,2013,2
123,2013-01-08,3,1,0,1,0,0,0,2013,2
123,2013-01-09,4,1,0,1,0,0,0,2013,2
123,2013-01-10,5,0,0,0,0,0,0,2013,2
123,2013-01-11,4,1,0,1,0,0,0,2013,2
123,2013-01-12,3,0,0,0,0,0,0,2013,2
123,2013-01-13,4,1,0,1,0,0,0,2013,2
123,2013-01-14,3,1,0,1,0,0,1,2013,3
123,2013-01-15,2,0,0,0,0,0,0,2013,3
123,2013-01-16,3,1,0,1,0,0,0,2013,3
123,2013-01-17,5,2,0,2,0,0,2,2013,3
123,2013-01-18,4,1,0,4,0,0,0,2013,3
123,2013-01-19,6,0,0,0,0,0,0,2013,3
123,2013-01-20,2,0,0,0,0,0,0,2013,3
123,2013-01-21,1,0,0,0,0,0,0,2013,4
123,2013-01-22,9,2,0,2,0,0,0,2013,4
123,2013-01-23,4,1,0,2,0,0,0,2013,4
123,2013-01-24,4,0,0,0,0,0,0,2013,4
123,2013-01-25,10,0,0,0,0,0,0,2013,4
123,2013-01-26,5,0,0,0,0,0,0,2013,4
123,2013-01-27,3,1,0,1,0,0,0,2013,4
123,2013-01-28,6,2,0,4,0,0,0,2013,5
123,2013-01-29,6,1,0,1,0,0,0,2013,5
123,2013-01-30,4,1,0,1,0,0,1,2013,5
123,2013-01-31,3,0,0,0,0,0,0,2013,5
123,2013-02-01,2,0,0,0,0,0,0,2013,5
123,2013-02-02,4,0,0,0,0,0,0,2013,5
123,2013-02-03,4,0,0,0,0,0,0,2013,5
123,2013-02-04,4,1,0,1,0,0,0,2013,6
123,2013-02-05,6,2,0,3,0,0,1,2013,6
123,2013-02-06,8,4,0,7,0,0,0,2013,6
123,2013-02-07,2,0,0,0,0,0,0,2013,6
123,2013-02-08,1,0,0,0,0,0,0,2013,6
123,2013-02-09,6,1,0,1,0,0,0,2013,6
123,2013-02-10,6,0,0,0,0,0,0,2013,6
123,2013-02-11,4,0,0,0,0,0,0,2013,7
123,2013-02-12,5,1,0,1,0,0,0,2013,7
123,2013-02-13,5,1,0,1,0,0,0,2013,7
123,2013-02-14,4,0,0,0,0,0,0,2013,7
123,2013-02-15,2,0,0,0,0,0,0,2013,7
123,2013-02-16,6,1,0,1,0,0,0,2013,7
123,2013-02-19,3,1,0,2,0,0,0,2013,8
123,2013-02-20,7,2,0,2,0,0,2,2013,8
123,2013-02-21,4,1,0,1,0,0,0,2013,8
123,2013-02-22,6,0,0,0,0,0,0,2013,8
123,2013-02-23,7,0,0,0,0,0,0,2013,8
123,2013-02-24,4,1,0,2,0,0,0,2013,8
123,2013-02-25,3,1,0,1,0,0,0,2013,9
123,2013-02-26,2,2,0,2,0,0,1,2013,9
123,2013-02-27,4,1,0,1,0,0,0,2013,9
123,2013-02-28,2,0,0,0,0,0,0,2013,9
123,2013-03-01,4,0,0,0,0,0,0,2013,9
123,2013-03-02,1,0,0,0,0,0,0,2013,9
123,2013-03-03,6,2,0,4,0,0,0,2013,9
123,2013-03-04,5,2,0,2,0,0,1,2013,10
123,2013-03-05,2,0,0,0,0,0,0,2013,10
123,2013-03-06,3,1,0,1,0,0,0,2013,10
123,2013-03-07,8,2,0,4,0,0,0,2013,10
123,2013-03-08,5,0,0,0,0,0,0,2013,10
123,2013-03-09,4,1,0,1,0,0,0,2013,10
123,2013-03-10,2,0,0,0,0,0,0,2013,10
123,2013-03-11,3,1,0,1,0,0,0,2013,11
123,2013-03-12,6,1,0,1,0,0,0,2013,11
123,2013-03-13,4,0,0,0,0,0,0,2013,11
123,2013-03-14,5,2,0,4,0,0,0,2013,11
123,2013-03-15,7,1,0,4,0,0,0,2013,11
123,2013-03-16,5,1,0,1,0,0,0,2013,11
123,2013-03-17,3,1,0,1,0,0,0,2013,11
123,2013-03-18,7,2,0,2,0,0,0,2013,12
123,2013-03-19,3,0,0,0,0,0,0,2013,12
123,2013-03-20,7,1,0,3,0,0,0,2013,12
123,2013-03-21,1,0,0,0,0,0,0,2013,12
123,2013-03-22,4,1,0,1,0,0,0,2013,12
123,2013-03-23,6,1,0,1,0,0,0,2013,12
123,2013-03-24,1,1,0,1,0,0,0,2013,12
123,2013-03-25,5,2,0,2,0,0,1,2013,13
123,2013-03-26,4,0,0,0,0,0,0,2013,13
123,2013-03-27,4,1,0,2,0,0,0,2013,13
123,2013-03-28,5,2,0,5,0,0,0,2013,13
123,2013-03-29,4,0,0,0,0,0,0,2013,13
123,2013-03-30,3,0,0,0,0,0,0,2013,13
123,2013-04-01,4,0,0,0,0,0,0,2013,14
123,2013-04-02,1,0,0,0,0,0,0,2013,14
123,2013-04-03,7,1,0,1,0,0,0,2013,14
123,2013-04-04,4,1,0,1,0,0,1,2013,14
123,2013-04-06,3,0,0,0,0,0,0,2013,14
123,2013-04-07,5,2,0,4,0,0,0,2013,14
123,2013-04-08,5,1,0,1,0,0,0,2013,15
123,2013-04-09,6,2,0,2,0,0,2,2013,15
123,2013-04-10,4,0,0,0,0,0,0,2013,15
123,2013-04-11,2,0,0,0,0,0,0,2013,15
123,2013-04-12,3,2,0,4,0,0,0,2013,15
123,2013-04-13,11,1,0,1,0,0,0,2013,15
123,2013-04-14,2,0,0,0,0,0,0,2013,15
123,2013-04-15,5,0,0,0,0,0,0,2013,16
123,2013-04-16,6,0,0,0,0,0,0,2013,16
123,2013-04-17,7,1,0,1,0,0,0,2013,16
123,2013-04-18,4,1,0,6,0,0,0,2013,16
123,2013-04-19,6,1,0,2,0,0,0,2013,16
123,2013-04-20,5,0,0,0,0,0,0,2013,16
123,2013-04-21,4,1,0,1,0,0,1,2013,16
123,2013-04-22,4,1,0,1,0,0,0,2013,17
123,2013-04-23,5,0,0,0,0,0,0,2013,17
123,2013-04-24,5,2,0,3,0,0,0,2013,17
123,2013-04-25,2,0,0,0,0,0,0,2013,17
123,2013-04-26,1,0,0,0,0,0,0,2013,17
123,2013-04-27,3,0,0,0,0,0,0,2013,17
123,2013-04-28,6,1,0,2,0,0,0,2013,17
123,2013-04-29,5,0,0,0,0,0,0,2013,18
123,2013-04-30,5,2,0,2,0,0,1,2013,18
123,2013-05-01,9,0,0,0,0,0,0,2013,18
123,2013-05-02,8,1,0,1,0,0,0,2013,18
123,2013-05-03,10,0,0,0,0,0,0,2013,18
123,2013-05-04,3,0,0,0,0,0,0,2013,18
123,2013-05-05,3,1,0,2,0,0,0,2013,18
123,2013-05-06,8,2,0,2,0,0,1,2013,19
123,2013-05-07,2,0,0,0,0,0,0,2013,19
123,2013-05-08,6,2,0,3,0,0,0,2013,19
123,2013-05-09,1,0,0,0,0,0,0,2013,19
123,2013-05-10,10,1,0,1,0,0,1,2013,19
123,2013-05-11,7,1,0,1,0,0,0,2013,19
123,2013-05-12,2,0,0,0,0,0,0,2013,19
123,2013-05-13,4,2,0,3,0,0,0,2013,20
123,2013-05-14,4,1,0,1,0,0,0,2013,20
123,2013-05-15,6,1,0,1,0,0,0,2013,20
123,2013-05-16,3,0,0,0,0,0,0,2013,20
123,2013-05-17,2,0,0,0,0,0,0,2013,20
123,2013-05-18,5,1,0,1,0,0,0,2013,20
123,2013-05-19,4,0,0,0,0,0,0,2013,20
123,2013-05-20,3,0,0,0,0,0,0,2013,21
123,2013-05-21,8,1,0,1,0,0,0,2013,21
123,2013-05-22,2,1,0,1,0,0,0,2013,21
123,2013-05-23,2,1,0,1,0,0,1,2013,21
123,2013-05-24,4,0,0,0,0,0,0,2013,21
123,2013-05-25,8,0,0,0,0,0,0,2013,21
123,2013-05-26,4,1,0,1,0,0,0,2013,21
123,2013-05-27,3,0,0,0,0,0,0,2013,22
123,2013-05-28,5,1,0,1,0,0,0,2013,22
123,2013-05-29,1,0,0,0,0,0,0,2013,22
123,2013-05-30,2,0,0,0,0,0,0,2013,22
123,2013-05-31,4,1,0,1,0,0,0,2013,22
123,2013-06-01,6,0,0,0,0,0,0,2013,22
123,2013-06-02,6,0,0,0,0,0,0,2013,22
123,2013-06-03,7,1,0,3,0,0,0,2013,23
123,2013-06-04,5,0,0,0,0,0,0,2013,23
123,2013-06-05,7,2,0,2,0,0,0,2013,23
123,2013-06-06,5,1,0,1,0,0,0,2013,23
123,2013-06-07,5,0,0,0,0,0,0,2013,23
123,2013-06-08,7,1,0,1,0,0,0,2013,23
123,2013-06-09,2,1,0,2,0,0,0,2013,23
123,2013-06-10,3,0,0,0,0,0,0,2013,24
123,2013-06-11,3,0,0,0,0,0,0,2013,24
123,2013-06-12,7,0,0,0,0,0,0,2013,24
123,2013-06-13,2,0,0,0,0,0,0,2013,24
123,2013-06-14,4,1,0,1,0,0,0,2013,24
123,2013-06-15,3,2,0,2,0,0,1,2013,24
123,2013-06-16,3,0,0,0,0,0,0,2013,24
123,2013-06-17,1,0,0,0,0,0,0,2013,25
123,2013-06-18,8,2,0,3,0,1,0,2013,25
123,2013-06-19,7,1,0,1,0,0,0,2013,25
123,2013-06-20,8,1,0,1,0,0,0,2013,25
123,2013-06-21,7,1,0,2,0,0,0,2013,25
123,2013-06-22,6,0,0,0,0,0,0,2013,25
123,2013-06-23,3,0,0,0,0,0,0,2013,25
123,2013-06-24,5,1,0,1,0,0,0,2013,26
123,2013-06-25,9,4,0,7,0,0,1,2013,26
123,2013-06-26,6,2,0,2,0,0,0,2013,26
123,2013-06-27,5,1,0,1,0,0,0,2013,26
123,2013-06-28,3,0,0,0,0,0,0,2013,26
123,2013-06-29,5,1,0,1,0,0,0,2013,26
123,2013-06-30,3,0,0,0,0,0,0,2013,26
123,2013-07-01,4,1,0,1,0,0,0,2013,27
123,2013-07-02,5,2,0,4,0,0,0,2013,27
123,2013-07-03,4,1,0,2,0,0,0,2013,27
123,2013-07-04,3,0,0,0,0,0,0,2013,27
123,2013-07-05,9,3,0,3,0,0,1,2013,27
123,2013-07-06,5,2,0,3,0,0,0,2013,27
123,2013-07-07,2,0,0,0,0,0,0,2013,27
123,2013-07-08,6,0,0,0,0,0,0,2013,28
123,2013-07-09,3,0,0,0,0,0,0,2013,28
123,2013-07-10,1,0,0,0,0,0,0,2013,28
123,2013-07-11,5,2,0,2,0,0,0,2013,28
123,2013-07-12,2,0,0,0,0,0,0,2013,28
123,2013-07-13,7,3,0,7,0,0,0,2013,28
123,2013-07-14,3,0,0,0,0,0,0,2013,28
123,2013-07-15,6,1,0,1,0,0,0,2013,29
123,2013-07-16,2,1,0,1,0,0,0,2013,29
123,2013-07-17,5,0,0,0,0,0,0,2013,29
123,2013-07-18,6,3,0,3,0,0,1,2013,29
123,2013-07-19,4,2,0,3,0,0,0,2013,29
123,2013-07-20,3,0,0,0,0,0,0,2013,29
123,2013-07-21,2,1,0,2,0,0,0,2013,29
123,2013-07-22,2,0,0,0,0,0,0,2013,30
123,2013-07-23,2,1,0,2,0,0,0,2013,30
123,2013-07-24,5,0,0,0,0,0,0,2013,30
123,2013-07-25,1,0,0,0,0,0,0,2013,30
123,2013-07-26,3,1,0,2,0,0,0,2013,30
123,2013-07-27,2,0,0,0,0,0,0,2013,30
123,2013-07-28,2,0,0,0,0,0,0,2013,30
123,2013-07-29,5,1,0,1,0,0,0,2013,31
123,2013-07-30,3,2,0,3,0,0,0,2013,31
123,2013-07-31,3,2,0,7,0,0,0,2013,31
123,2013-08-01,6,2,0,2,0,0,0,2013,31
123,2013-08-02,6,0,0,0,0,0,0,2013,31
123,2013-08-03,7,1,0,1,0,0,0,2013,31
123,2013-08-04,5,1,0,1,0,0,0,2013,31
123,2013-08-05,4,3,0,5,0,0,0,2013,32
123,2013-08-06,4,2,0,4,0,0,0,2013,32
123,2013-08-07,2,0,0,0,0,0,0,2013,32
123,2013-08-08,4,0,0,0,0,0,0,2013,32
123,2013-08-09,4,0,0,0,0,0,0,2013,32
123,2013-08-10,3,0,0,0,0,0,0,2013,32
123,2013-08-11,3,1,0,2,0,0,0,2013,32
123,2013-08-12,2,0,0,0,0,0,0,2013,33
123,2013-08-13,3,0,0,0,0,0,0,2013,33
123,2013-08-14,5,1,0,2,0,0,0,2013,33
123,2013-08-15,7,2,0,4,0,0,0,2013,33
123,2013-08-16,6,0,0,0,0,0,0,2013,33
123,2013-08-17,2,0,0,0,0,0,0,2013,33
123,2013-08-18,1,0,0,0,0,0,0,2013,33
123,2013-08-19,2,1,0,1,0,0,1,2013,34
123,2013-08-20,7,0,0,0,0,0,0,2013,34
123,2013-08-21,3,1,0,1,0,0,0,2013,34
123,2013-08-22,5,2,0,6,0,0,0,2013,34
123,2013-08-23,4,1,0,1,0,0,0,2013,34
123,2013-08-24,5,0,0,0,0,0,0,2013,34
123,2013-08-25,4,1,0,1,0,0,0,2013,34
123,2013-08-26,3,0,0,0,0,0,0,2013,35
123,2013-08-27,1,0,0,0,0,0,0,2013,35
123,2013-08-28,2,0,0,0,0,0,0,2013,35
123,2013-08-29,1,1,0,1,0,0,0,2013,35
123,2013-08-30,5,3,0,4,0,0,0,2013,35
123,2013-08-31,3,0,0,0,0,0,0,2013,35
123,2013-09-01,2,0,0,0,0,0,0,2013,35
123,2013-09-03,3,1,0,1,0,0,0,2013,36
123,2013-09-04,3,0,0,0,0,0,0,2013,36
123,2013-09-05,7,1,0,1,0,0,1,2013,36
123,2013-09-06,4,1,0,1,0,0,0,2013,36
123,2013-09-07,4,0,0,0,0,0,0,2013,36
123,2013-09-08,6,1,0,2,0,0,0,2013,36
123,2013-09-09,4,2,0,2,0,0,1,2013,37
123,2013-09-10,5,2,0,3,0,0,0,2013,37
123,2013-09-11,5,0,0,0,0,0,0,2013,37
123,2013-09-12,3,0,0,0,0,0,0,2013,37
123,2013-09-13,7,1,0,1,0,0,0,2013,37
123,2013-09-14,4,2,0,2,0,0,0,2013,37
123,2013-09-15,1,0,0,0,0,0,0,2013,37
123,2013-09-16,6,0,0,0,0,0,0,2013,38
123,2013-09-17,4,1,0,2,0,0,0,2013,38
123,2013-09-18,3,0,0,0,0,0,0,2013,38
123,2013-09-19,4,0,0,0,0,0,0,2013,38
123,2013-09-20,3,1,0,1,0,0,0,2013,38
123,2013-09-21,9,0,0,0,0,0,0,2013,38
123,2013-09-22,5,1,0,1,0,0,0,2013,38
123,2013-09-23,5,1,0,1,0,0,0,2013,39
123,2013-09-24,6,1,0,1,0,0,0,2013,39
123,2013-09-25,4,2,0,2,0,0,0,2013,39
123,2013-09-26,3,0,0,0,0,0,0,2013,39
123,2013-09-27,5,2,0,3,0,0,0,2013,39
123,2013-09-28,6,0,0,0,0,0,0,2013,39
123,2013-09-29,2,0,0,0,0,0,0,2013,39
123,2013-09-30,5,3,0,3,0,0,1,2013,40
123,2013-10-01,2,0,0,0,0,0,0,2013,40
123,2013-10-02,5,1,0,1,0,0,0,2013,40
123,2013-10-03,8,1,0,1,0,0,1,2013,40
123,2013-10-04,6,0,0,0,0,0,0,2013,40
123,2013-10-05,1,0,0,0,0,0,0,2013,40
123,2013-10-06,4,2,0,2,0,0,1,2013,40
123,2013-10-07,6,0,0,0,0,0,0,2013,41
123,2013-10-08,7,2,0,2,0,0,0,2013,41
123,2013-10-09,6,2,0,3,0,0,0,2013,41
123,2013-10-10,3,1,0,1,0,0,0,2013,41
123,2013-10-11,4,0,0,0,0,0,0,2013,41
123,2013-10-12,4,1,0,1,0,0,0,2013,41
123,2013-10-13,3,0,0,0,0,0,0,2013,41
123,2013-10-14,3,2,0,3,0,0,0,2013,42
123,2013-10-15,3,0,0,0,0,0,0,2013,42
123,2013-10-16,3,0,0,0,0,0,0,2013,42
123,2013-10-17,7,0,0,0,0,0,0,2013,42
123,2013-10-18,4,0,0,0,0,0,0,2013,42
123,2013-10-19,3,1,0,1,0,0,1,2013,42
123,2013-10-20,5,0,0,0,0,0,0,2013,42
123,2013-10-21,8,3,0,7,0,0,0,2013,43
123,2013-10-22,6,1,0,1,0,1,0,2013,43
123,2013-10-23,6,2,0,2,0,0,0,2013,43
123,2013-10-24,2,0,0,0,0,0,0,2013,43
123,2013-10-25,4,0,0,0,0,0,0,2013,43
123,2013-10-26,5,0,0,0,0,0,0,2013,43
123,2013-10-27,3,0,0,0,0,0,0,2013,43
123,2013-10-28,4,1,0,1,0,0,0,2013,44
123,2013-10-29,7,1,0,2,0,0,0,2013,44
123,2013-10-30,6,2,0,10,0,0,0,2013,44
123,2013-10-31,6,1,0,1,0,0,1,2013,44
123,2013-11-01,8,4,0,9,0,0,0,2013,44
123,2013-11-02,6,1,0,1,0,0,0,2013,44
123,2013-11-03,2,1,0,2,0,0,0,2013,44
123,2013-11-04,8,1,0,1,0,0,1,2013,45
123,2013-11-05,4,2,0,3,0,0,0,2013,45
123,2013-11-06,5,0,0,0,0,0,0,2013,45
123,2013-11-07,4,1,0,4,0,0,0,2013,45
123,2013-11-08,5,1,0,1,0,0,0,2013,45
123,2013-11-09,4,2,0,2,0,0,1,2013,45
123,2013-11-10,4,1,0,1,0,0,0,2013,45
123,2013-11-11,4,0,0,0,0,0,0,2013,46
123,2013-11-12,3,0,0,0,0,0,0,2013,46
123,2013-11-13,3,1,0,2,0,0,0,2013,46
123,2013-11-14,5,0,0,0,0,0,0,2013,46
123,2013-11-15,4,0,0,0,0,0,0,2013,46
123,2013-11-16,9,0,0,0,0,0,0,2013,46
123,2013-11-17,5,0,0,0,0,0,0,2013,46
123,2013-11-18,4,1,0,1,0,0,0,2013,47
123,2013-11-19,1,0,0,0,0,0,0,2013,47
123,2013-11-20,6,2,0,3,0,0,0,2013,47
123,2013-11-21,5,2,0,2,0,0,0,2013,47
123,2013-11-22,2,0,0,0,0,0,0,2013,47
123,2013-11-23,5,0,0,0,0,0,0,2013,47
123,2013-11-24,8,1,0,1,0,0,1,2013,47
123,2013-11-25,7,2,0,3,0,0,0,2013,48
123,2013-11-26,5,1,0,2,0,0,0,2013,48
123,2013-11-27,8,1,0,2,0,0,0,2013,48
123,2013-11-28,6,1,0,4,0,0,0,2013,48
123,2013-11-29,3,1,0,1,0,0,0,2013,48
123,2013-11-30,4,0,0,0,0,0,0,2013,48
123,2013-12-01,1,0,0,0,0,0,0,2013,48
123,2013-12-02,4,0,0,0,0,0,0,2013,49
123,2013-12-03,1,0,0,0,0,0,0,2013,49
123,2013-12-04,6,1,0,1,0,0,0,2013,49
123,2013-12-05,6,0,0,0,0,0,0,2013,49
123,2013-12-06,8,0,0,0,0,0,0,2013,49
123,2013-12-07,9,1,0,1,0,0,0,2013,49
123,2013-12-08,2,1,0,1,0,0,0,2013,49
123,2013-12-09,3,0,0,0,0,0,0,2013,50
123,2013-12-10,15,2,0,2,0,0,0,2013,50
123,2013-12-11,2,1,0,1,0,0,0,2013,50
123,2013-12-12,7,1,0,2,0,0,0,2013,50
123,2013-12-13,5,1,0,3,0,0,0,2013,50
123,2013-12-14,7,1,0,1,0,0,1,2013,50
123,2013-12-15,3,0,0,0,0,0,0,2013,50
123,2013-12-16,8,1,0,1,0,0,0,2013,51
123,2013-12-17,15,0,0,0,0,0,0,2013,51
123,2013-12-18,7,3,0,4,0,0,0,2013,51
123,2013-12-19,5,2,0,2,0,0,0,2013,51
123,2013-12-20,8,3,0,3,0,0,1,2013,51
123,2013-12-21,6,1,0,1,0,0,0,2013,51
123,2013-12-22,5,0,0,0,0,0,0,2013,51
123,2013-12-23,1,1,0,1,0,0,1,2013,52
123,2013-12-24,7,1,0,1,0,0,0,2013,52
123,2013-12-25,2,1,0,2,0,0,0,2013,52
123,2013-12-26,3,0,0,0,0,0,0,2013,52
123,2013-12-27,1,0,0,0,0,0,0,2013,52
123,2013-12-28,3,1,0,1,0,0,0,2013,52
123,2013-12-29,2,0,0,0,0,0,0,2013,52
123,2013-12-30,5,2,0,2,0,0,0,2013,1
123,2013-12-31,1,0,0,0,0,0,0,2013,1
123,2014-01-01,4,0,0,0,0,0,0,2014,1
123,2014-01-02,13,2,0,2,0,0,0,2014,1
123,2014-01-03,3,1,0,2,0,0,0,2014,1
123,2014-01-04,3,0,0,0,0,0,0,2014,1
123,2014-01-05,6,1,0,1,0,0,0,2014,1
123,2014-01-06,4,0,0,0,0,0,0,2014,2
123,2014-01-07,5,0,0,0,0,0,0,2014,2
123,2014-01-08,5,1,0,2,0,0,0,2014,2
123,2014-01-09,6,0,0,0,0,0,0,2014,2
123,2014-01-10,1,0,0,0,0,0,0,2014,2
123,2014-01-11,6,1,0,1,0,0,0,2014,2
123,2014-01-12,2,0,0,0,0,0,0,2014,2
123,2014-01-13,1,0,0,0,0,0,0,2014,3
123,2014-01-14,6,1,0,2,0,0,0,2014,3
123,2014-01-15,5,1,0,1,0,0,0,2014,3
123,2014-01-16,1,1,0,1,0,0,1,2014,3
123,2014-01-17,6,1,0,1,0,0,0,2014,3
123,2014-01-18,5,0,0,0,0,0,0,2014,3
123,2014-01-19,6,0,0,0,0,0,0,2014,3
123,2014-01-20,4,0,0,0,0,0,0,2014,4
123,2014-01-21,16,2,0,2,0,0,0,2014,4
123,2014-01-22,5,0,0,0,0,0,0,2014,4
123,2014-01-23,4,1,0,1,0,0,0,2014,4
123,2014-01-24,7,2,0,2,0,0,1,2014,4
123,2014-01-25,8,2,0,2,0,0,0,2014,4
123,2014-01-26,5,0,0,0,0,0,0,2014,4
123,2014-01-27,3,1,0,1,0,0,0,2014,5
123,2014-01-28,2,1,0,1,0,0,0,2014,5
123,2014-01-29,6,1,0,1,0,0,0,2014,5
123,2014-01-30,8,1,0,1,0,0,0,2014,5
123,2014-01-31,2,1,0,1,0,0,0,2014,5
123,2014-02-01,3,0,0,0,0,0,0,2014,5
123,2014-02-02,5,1,0,4,0,0,0,2014,5
123,2014-02-03,18,1,0,2,0,0,0,2014,6
123,2014-02-04,3,0,0,0,0,0,0,2014,6
123,2014-02-05,2,0,0,0,0,0,0,2014,6
123,2014-02-06,2,0,0,0,0,0,0,2014,6
123,2014-02-07,1,0,0,0,0,0,0,2014,6
123,2014-02-08,3,1,0,1,0,0,0,2014,6
123,2014-02-09,2,0,0,0,0,0,0,2014,6
123,2014-02-10,4,2,0,2,0,0,2,2014,7
123,2014-02-11,6,3,0,8,0,0,0,2014,7
123,2014-02-12,2,0,0,0,0,0,0,2014,7
123,2014-02-13,2,0,0,0,0,0,0,2014,7
123,2014-02-14,9,4,0,5,0,0,0,2014,7
123,2014-02-15,8,0,0,0,0,0,0,2014,7
123,2014-02-16,1,0,0,0,0,0,0,2014,7
123,2014-02-17,5,0,0,0,0,0,0,2014,8
123,2014-02-18,3,0,0,0,0,0,0,2014,8
123,2014-02-19,5,2,0,2,0,0,1,2014,8
123,2014-02-20,8,1,0,1,0,0,0,2014,8
123,2014-02-21,3,0,0,0,0,0,0,2014,8
123,2014-02-22,4,1,0,2,0,0,0,2014,8
123,2014-02-23,2,0,0,0,0,0,0,2014,8
123,2014-02-24,4,0,0,0,0,0,0,2014,9
123,2014-02-25,3,0,0,0,0,0,0,2014,9
123,2014-02-26,3,0,0,0,0,0,0,2014,9
123,2014-02-27,6,1,0,2,0,0,0,2014,9
123,2014-02-28,6,4,0,9,0,0,0,2014,9
123,2014-03-01,4,0,0,0,0,0,0,2014,9
123,2014-03-02,3,1,0,1,0,0,0,2014,9
123,2014-03-05,6,0,0,0,0,0,0,2014,10
123,2014-03-06,4,1,0,1,0,0,0,2014,10
123,2014-03-07,3,1,0,1,0,0,0,2014,10
123,2014-03-08,4,0,0,0,0,0,0,2014,10
123,2014-03-09,1,1,0,1,0,0,0,2014,10
123,2014-03-10,5,0,0,0,0,0,0,2014,11
123,2014-03-11,7,1,0,2,0,0,0,2014,11
123,2014-03-12,8,0,0,0,0,0,0,2014,11
123,2014-03-13,8,2,0,3,0,0,1,2014,11
123,2014-03-14,2,0,0,0,0,0,0,2014,11
123,2014-03-15,2,0,0,0,0,0,0,2014,11
123,2014-03-16,2,0,0,0,0,0,0,2014,11
123,2014-03-17,2,0,0,0,0,0,0,2014,12
123,2014-03-18,4,0,0,0,0,0,0,2014,12
123,2014-03-19,5,2,0,2,0,0,1,2014,12
123,2014-03-20,7,1,0,1,0,0,0,2014,12
123,2014-03-21,7,0,0,0,0,0,0,2014,12
123,2014-03-22,4,1,0,1,0,0,0,2014,12
123,2014-03-24,1,0,0,0,0,0,0,2014,13
123,2014-03-25,4,0,0,0,0,0,0,2014,13
123,2014-03-26,5,2,0,5,0,0,0,2014,13
123,2014-03-27,7,1,0,2,0,0,0,2014,13
123,2014-03-28,4,0,0,0,0,0,0,2014,13
123,2014-03-29,4,0,0,0,0,0,0,2014,13
123,2014-03-30,10,2,0,4,0,0,0,2014,13
123,2014-03-31,3,0,0,0,0,0,0,2014,14
123,2014-04-01,3,0,0,0,0,0,0,2014,14
123,2014-04-02,3,0,0,0,0,0,0,2014,14
123,2014-04-03,3,0,0,0,0,0,0,2014,14
123,2014-04-04,2,1,0,1,0,0,0,2014,14
123,2014-04-05,1,0,0,0,0,0,0,2014,14
123,2014-04-06,3,0,0,0,0,0,0,2014,14
123,2014-04-07,2,0,0,0,0,0,0,2014,15
123,2014-04-08,6,2,0,3,0,0,0,2014,15
123,2014-04-09,3,0,0,0,0,0,0,2014,15
123,2014-04-10,8,1,0,1,0,0,1,2014,15
123,2014-04-11,5,0,0,0,0,0,0,2014,15
123,2014-04-12,8,0,0,0,0,0,0,2014,15
123,2014-04-13,4,1,0,3,0,0,0,2014,15
123,2014-04-16,3,0,0,0,0,0,0,2014,16
123,2014-04-17,5,1,0,2,0,0,0,2014,16
123,2014-04-18,1,0,0,0,0,0,0,2014,16
123,2014-04-19,6,2,0,3,0,0,0,2014,16
123,2014-04-20,1,0,0,0,0,0,0,2014,16
123,2014-04-21,4,1,0,1,0,0,0,2014,17
123,2014-04-22,5,1,0,1,0,0,0,2014,17
123,2014-04-23,7,0,0,0,0,0,0,2014,17
123,2014-04-24,2,1,0,2,0,0,0,2014,17
123,2014-04-25,6,0,0,0,0,0,0,2014,17
123,2014-04-26,3,0,0,0,0,0,0,2014,17
123,2014-04-27,1,0,0,0,0,0,0,2014,17
123,2014-04-28,2,0,0,0,0,0,0,2014,18
123,2014-04-29,4,1,0,1,0,0,0,2014,18
123,2014-04-30,6,1,0,1,0,0,0,2014,18
123,2014-05-01,4,2,0,3,0,0,1,2014,18
123,2014-05-02,2,0,0,0,0,0,0,2014,18
123,2014-05-03,6,1,0,1,0,0,0,2014,18
123,2014-05-04,2,1,0,1,0,0,0,2014,18
123,2014-05-05,5,0,0,0,0,0,0,2014,19
123,2014-05-06,3,0,0,0,0,0,0,2014,19
123,2014-05-07,3,1,0,2,0,0,0,2014,19
123,2014-05-08,5,0,0,0,0,0,0,2014,19
123,2014-05-09,1,0,0,0,0,0,0,2014,19
123,2014-05-10,3,0,0,0,0,0,0,2014,19
123,2014-05-11,9,2,0,2,0,0,0,2014,19
123,2014-05-12,1,0,0,0,0,0,0,2014,20
123,2014-05-13,3,0,0,0,0,0,0,2014,20
123,2014-05-14,3,0,0,0,0,0,0,2014,20
123,2014-05-15,2,1,0,2,0,0,0,2014,20
123,2014-05-16,6,1,0,3,0,0,0,2014,20
123,2014-05-17,2,0,0,0,0,0,0,2014,20
123,2014-05-18,3,1,0,2,0,0,0,2014,20
123,2014-05-19,6,2,0,3,0,0,0,2014,21
123,2014-05-20,3,1,0,1,0,0,0,2014,21
123,2014-05-21,1,0,0,0,0,0,0,2014,21
123,2014-05-22,2,0,0,0,0,0,0,2014,21
123,2014-05-23,3,0,0,0,0,0,0,2014,21
123,2014-05-24,2,1,0,1,0,0,0,2014,21
123,2014-05-25,4,1,0,1,0,0,0,2014,21
123,2014-05-27,3,0,0,0,0,0,0,2014,22
123,2014-05-28,2,0,0,0,0,0,0,2014,22
123,2014-05-29,6,2,0,2,0,0,0,2014,22
123,2014-05-30,3,1,0,1,0,0,0,2014,22
123,2014-05-31,6,1,0,1,0,0,0,2014,22
123,2014-06-01,6,2,0,2,0,0,0,2014,22
123,2014-06-03,5,2,0,3,0,0,0,2014,23
123,2014-06-04,6,0,0,0,0,0,0,2014,23
123,2014-06-05,4,0,0,0,0,0,0,2014,23
123,2014-06-06,3,0,0,0,0,0,0,2014,23
123,2014-06-07,3,0,0,0,0,0,0,2014,23
123,2014-06-08,6,1,0,1,0,0,0,2014,23
123,2014-06-09,5,2,0,3,0,0,0,2014,24
123,2014-06-10,7,2,0,5,0,0,0,2014,24
123,2014-06-11,8,0,0,0,0,0,0,2014,24
123,2014-06-12,14,1,0,1,0,0,0,2014,24
123,2014-06-13,9,1,0,1,0,0,0,2014,24
123,2014-06-14,4,1,0,1,0,0,0,2014,24
123,2014-06-16,6,1,0,2,0,0,0,2014,25
123,2014-06-17,6,2,0,2,0,0,0,2014,25
123,2014-06-18,6,2,0,2,0,0,1,2014,25
123,2014-06-19,9,1,0,1,0,0,0,2014,25
123,2014-06-20,8,2,0,2,0,0,0,2014,25
123,2014-06-21,6,1,0,3,0,0,0,2014,25
123,2014-06-22,3,1,0,1,0,0,0,2014,25
123,2014-06-23,10,1,0,1,0,0,0,2014,26
123,2014-06-24,4,1,0,1,0,0,0,2014,26
123,2014-06-25,5,1,0,3,0,0,0,2014,26
123,2014-06-26,4,2,0,2,0,0,0,2014,26
123,2014-06-27,3,0,0,0,0,0,0,2014,26
123,2014-06-28,5,1,0,1,0,0,0,2014,26
123,2014-06-29,4,0,0,0,0,0,0,2014,26
123,2014-06-30,2,0,0,0,0,0,0,2014,27
123,2014-07-01,2,0,0,0,0,0,0,2014,27
123,2014-07-02,5,0,0,0,0,0,0,2014,27
123,2014-07-03,7,0,0,0,0,0,0,2014,27
123,2014-07-04,1,0,0,0,0,0,0,2014,27
123,2014-07-05,7,2,0,5,0,0,0,2014,27
123,2014-07-06,1,0,0,0,0,0,0,2014,27
123,2014-07-07,3,1,0,1,0,0,0,2014,28
123,2014-07-08,3,1,0,2,0,0,0,2014,28
123,2014-07-09,7,1,0,1,0,0,0,2014,28
123,2014-07-10,4,2,0,2,0,0,0,2014,28
123,2014-07-11,6,1,0,3,0,0,0,2014,28
123,2014-07-12,3,0,0,0,0,0,0,2014,28
123,2014-07-13,3,1,0,1,0,0,0,2014,28
123,2014-07-14,3,0,0,0,0,0,0,2014,29
123,2014-07-15,5,1,0,2,0,0,0,2014,29
123,2014-07-16,5,1,0,1,0,0,0,2014,29
123,2014-07-17,5,0,0,0,0,0,0,2014,29
123,2014-07-18,2,0,0,0,0,0,0,2014,29
123,2014-07-19,8,1,0,1,0,0,0,2014,29
123,2014-07-20,3,0,0,0,0,0,0,2014,29
123,2014-07-21,8,0,0,0,0,0,0,2014,30
123,2014-07-22,2,0,0,0,0,0,0,2014,30
123,2014-07-23,6,2,0,2,0,0,1,2014,30
123,2014-07-24,4,2,0,3,0,0,1,2014,30
123,2014-07-25,2,0,0,0,0,0,0,2014,30
123,2014-07-26,4,1,0,1,0,0,0,2014,30
123,2014-07-27,1,0,0,0,0,0,0,2014,30
123,2014-07-28,4,0,0,0,0,0,0,2014,31
123,2014-07-29,1,0,0,0,0,0,0,2014,31
123,2014-07-30,3,0,0,0,0,0,0,2014,31
123,2014-07-31,3,0,0,0,0,0,0,2014,31
123,2014-08-01,7,2,0,2,0,0,1,2014,31
123,2014-08-02,7,1,0,2,0,0,0,2014,31
123,2014-08-03,1,0,0,0,0,0,0,2014,31
123,2014-08-04,9,1,0,1,0,0,0,2014,32
123,2014-08-05,6,1,0,1,0,0,0,2014,32
123,2014-08-06,4,1,0,1,0,0,0,2014,32
123,2014-08-07,3,2,0,2,0,0,0,2014,32
123,2014-08-08,3,1,0,2,0,0,0,2014,32
123,2014-08-09,2,0,0,0,0,0,0,2014,32
123,2014-08-10,6,0,0,0,0,0,0,2014,32
123,2014-08-11,6,0,0,0,0,0,0,2014,33
123,2014-08-12,5,1,0,1,0,0,0,2014,33
123,2014-08-14,2,0,0,0,0,0,0,2014,33
123,2014-08-15,2,0,0,0,0,0,0,2014,33
123,2014-08-16,1,0,0,0,0,0,0,2014,33
123,2014-08-17,3,1,0,1,0,0,0,2014,33
123,2014-08-18,3,0,0,0,0,0,0,2014,34
123,2014-08-19,2,1,0,1,0,0,0,2014,34
123,2014-08-20,2,1,0,1,0,0,0,2014,34
123,2014-08-21,9,3,0,3,0,0,1,2014,34
123,2014-08-22,2,1,0,1,0,0,0,2014,34
123,2014-08-23,2,0,0,0,0,0,0,2014,34
123,2014-08-25,2,1,0,1,0,0,0,2014,35
123,2014-08-26,6,2,0,5,0,0,0,2014,35
123,2014-08-27,7,1,0,1,0,0,0,2014,35
123,2014-08-28,2,1,0,1,0,0,0,2014,35
123,2014-08-29,8,2,0,3,0,0,0,2014,35
123,2014-08-30,2,1,0,1,0,0,0,2014,35
123,2014-08-31,3,0,0,0,0,0,0,2014,35
123,2014-09-01,1,0,0,0,0,0,0,2014,36
123,2014-09-02,4,0,0,0,0,0,0,2014,36
123,2014-09-03,5,2,0,2,0,0,0,2014,36
123,2014-09-04,2,0,0,0,0,0,0,2014,36
123,2014-09-05,10,4,0,5,0,0,2,2014,36
123,2014-09-06,8,1,0,3,0,0,0,2014,36
123,2014-09-07,1,0,0,0,0,0,0,2014,36
123,2014-09-08,5,0,0,0,0,0,0,2014,37
123,2014-09-09,3,0,0,0,0,0,0,2014,37
123,2014-09-10,3,1,0,1,0,0,1,2014,37
123,2014-09-11,8,0,0,0,0,0,0,2014,37
123,2014-09-12,4,0,0,0,0,0,0,2014,37
123,2014-09-13,7,0,0,0,0,0,0,2014,37
123,2014-09-14,9,2,0,2,0,0,0,2014,37
123,2014-09-15,5,1,0,1,0,0,0,2014,38
123,2014-09-16,5,0,0,0,0,0,0,2014,38
123,2014-09-17,3,0,0,0,0,0,0,2014,38
123,2014-09-18,1,0,0,0,0,0,0,2014,38
123,2014-09-19,6,1,0,1,0,0,0,2014,38
123,2014-09-20,3,0,0,0,0,0,0,2014,38
123,2014-09-21,5,3,0,4,0,0,0,2014,38
123,2014-09-22,5,1,0,1,0,0,1,2014,39
123,2014-09-23,3,1,0,1,0,0,0,2014,39
123,2014-09-24,6,1,0,1,0,0,0,2014,39
123,2014-09-26,6,1,0,2,0,0,0,2014,39
123,2014-09-27,6,1,0,1,0,0,0,2014,39
123,2014-09-28,4,0,0,0,0,0,0,2014,39
123,2014-09-29,5,0,0,0,0,0,0,2014,40
123,2014-09-30,2,0,0,0,0,0,0,2014,40
123,2014-10-01,5,0,0,0,0,0,0,2014,40
123,2014-10-02,3,1,0,1,0,0,0,2014,40
123,2014-10-04,5,1,0,1,0,0,0,2014,40
123,2014-10-05,6,1,0,1,0,0,0,2014,40
123,2014-10-06,3,0,0,0,0,0,0,2014,41
123,2014-10-07,3,0,0,0,0,0,0,2014,41
123,2014-10-08,2,1,0,1,0,0,1,2014,41
123,2014-10-09,3,1,0,1,0,0,0,2014,41
123,2014-10-10,5,1,0,1,0,0,0,2014,41
123,2014-10-11,6,1,0,1,0,0,0,2014,41
123,2014-10-12,6,0,0,0,0,0,0,2014,41
123,2014-10-13,1,0,0,0,0,0,0,2014,42
123,2014-10-14,7,1,0,1,0,0,0,2014,42
123,2014-10-15,2,0,0,0,0,0,0,2014,42
123,2014-10-16,6,2,0,3,0,0,0,2014,42
123,2014-10-17,3,1,0,1,0,0,0,2014,42
123,2014-10-18,4,2,0,3,0,0,0,2014,42
123,2014-10-19,1,0,0,0,0,0,0,2014,42
123,2014-10-20,4,1,0,1,0,0,0,2014,43
123,2014-10-21,5,0,0,0,0,0,0,2014,43
123,2014-10-22,9,2,0,3,0,0,0,2014,43
123,2014-10-23,2,0,0,0,0,0,0,2014,43
123,2014-10-24,10,0,0,0,0,0,0,2014,43
123,2014-10-25,4,1,0,1,0,0,0,2014,43
123,2014-10-26,7,0,0,0,0,0,0,2014,43
123,2014-10-27,2,0,0,0,0,0,0,2014,44
123,2014-10-28,8,0,0,0,0,0,0,2014,44
123,2014-10-29,4,0,0,0,0,0,0,2014,44
123,2014-10-30,5,0,0,0,0,0,0,2014,44
123,2014-10-31,3,0,0,0,0,0,0,2014,44
123,2014-11-01,6,1,0,1,0,0,0,2014,44
123,2014-11-02,4,0,0,0,0,0,0,2014,44
123,2014-11-03,2,0,0,0,0,0,0,2014,45
123,2014-11-04,1,0,0,0,0,0,0,2014,45
123,2014-11-05,3,0,0,0,0,0,0,2014,45
123,2014-11-06,1,0,0,0,0,0,0,2014,45
123,2014-11-07,3,1,0,1,0,0,0,2014,45
123,2014-11-08,1,0,0,0,0,0,0,2014,45
123,2014-11-09,3,0,0,0,0,0,0,2014,45
123,2014-11-10,3,0,0,0,0,0,0,2014,46
123,2014-11-11,3,0,0,0,0,0,0,2014,46
123,2014-11-12,1,0,0,0,0,0,0,2014,46
123,2014-11-13,6,1,0,1,0,0,0,2014,46
123,2014-11-14,6,1,0,4,0,0,0,2014,46
123,2014-11-15,6,0,1,0,1,0,1,2014,46
123,2014-11-16,3,0,0,0,0,0,0,2014,46
123,2014-11-17,3,1,0,1,0,0,0,2014,47
123,2014-11-18,6,2,0,3,0,0,0,2014,47
123,2014-11-19,6,3,0,4,0,0,0,2014,47
123,2014-11-20,5,1,0,1,0,0,0,2014,47
123,2014-11-22,6,0,0,0,0,0,0,2014,47
123,2014-11-23,1,0,0,0,0,0,0,2014,47
123,2014-11-24,1,0,0,0,0,0,0,2014,48
123,2014-11-25,5,2,0,3,0,0,0,2014,48
123,2014-11-26,7,1,0,1,0,0,0,2014,48
123,2014-11-27,5,0,0,0,0,0,0,2014,48
123,2014-11-28,3,0,0,0,0,0,0,2014,48
123,2014-11-29,8,1,0,1,0,0,0,2014,48
123,2014-11-30,8,2,0,2,0,0,0,2014,48
123,2014-12-01,8,2,0,3,0,0,0,2014,49
123,2014-12-02,4,0,0,0,0,0,0,2014,49
123,2014-12-03,4,1,0,1,0,0,0,2014,49
123,2014-12-04,5,0,0,0,0,0,0,2014,49
123,2014-12-05,5,1,0,1,0,0,0,2014,49
123,2014-12-06,5,0,0,0,0,0,0,2014,49
123,2014-12-07,6,0,0,0,0,0,0,2014,49
123,2014-12-08,7,1,0,1,0,0,0,2014,50
123,2014-12-09,3,0,0,0,0,0,0,2014,50
123,2014-12-10,5,0,0,0,0,0,0,2014,50
123,2014-12-11,4,1,0,1,0,0,1,2014,50
123,2014-12-12,9,1,0,2,0,0,0,2014,50
123,2014-12-13,4,1,0,1,0,0,0,2014,50
123,2014-12-14,3,1,0,1,0,0,1,2014,50
123,2014-12-15,9,2,0,2,0,0,0,2014,51
123,2014-12-16,2,0,0,0,0,0,0,2014,51
123,2014-12-17,4,1,0,1,0,0,0,2014,51
123,2014-12-18,6,1,0,2,0,0,0,2014,51
123,2014-12-19,6,2,0,3,0,0,1,2014,51
123,2014-12-20,3,0,0,0,0,0,0,2014,51
123,2014-12-21,1,0,0,0,0,0,0,2014,51
123,2014-12-22,2,1,1,3,1,0,0,2014,52
123,2014-12-23,9,1,0,1,0,0,0,2014,52
123,2014-12-24,3,0,0,0,0,0,0,2014,52
123,2014-12-25,4,1,0,1,0,0,0,2014,52
123,2014-12-26,6,2,0,2,0,0,0,2014,52
123,2014-12-27,3,0,0,0,0,0,0,2014,52
123,2014-12-28,3,0,0,0,0,0,0,2014,52
123,2014-12-29,2,1,0,2,0,0,0,2014,1
123,2014-12-30,5,2,0,2,0,0,0,2014,1
123,2014-12-31,6,0,0,0,0,0,0,2014,1
123,2015-01-01,4,0,0,0,0,0,0,2015,1
123,2015-01-02,3,1,0,1,0,0,0,2015,1
123,2015-01-03,2,0,0,0,0,0,0,2015,1
123,2015-01-04,5,1,0,1,0,0,0,2015,1
123,2015-01-05,2,0,0,0,0,0,0,2015,2
123,2015-01-06,10,1,0,2,0,0,0,2015,2
123,2015-01-07,2,0,0,0,0,0,0,2015,2
123,2015-01-08,5,1,0,1,0,0,0,2015,2
123,2015-01-09,10,2,0,3,0,0,0,2015,2
123,2015-01-10,7,2,0,2,0,0,0,2015,2
123,2015-01-11,3,1,0,1,0,0,0,2015,2
123,2015-01-12,5,3,0,3,0,0,3,2015,3
123,2015-01-13,2,0,0,0,0,0,0,2015,3
123,2015-01-14,4,0,0,0,0,0,0,2015,3
123,2015-01-15,7,2,0,2,0,0,1,2015,3
123,2015-01-16,3,0,0,0,0,0,0,2015,3
123,2015-01-17,9,2,0,3,0,0,0,2015,3
123,2015-01-18,18,2,0,2,0,0,0,2015,3
123,2015-01-19,2,0,0,0,0,0,0,2015,4
123,2015-01-20,4,0,0,0,0,0,0,2015,4
123,2015-01-21,5,0,0,0,0,0,0,2015,4
123,2015-01-22,3,1,0,1,0,0,0,2015,4
123,2015-01-23,4,0,0,0,0,0,0,2015,4
123,2015-01-24,7,2,0,2,0,0,0,2015,4
123,2015-01-25,4,1,0,1,0,0,0,2015,4
123,2015-01-26,3,0,0,0,0,0,0,2015,5
123,2015-01-27,3,1,0,1,0,0,0,2015,5
123,2015-01-28,4,0,0,0,0,0,0,2015,5
123,2015-01-29,5,1,0,1,0,0,0,2015,5
123,2015-01-30,5,0,0,0,0,0,0,2015,5
123,2015-01-31,4,0,0,0,0,0,0,2015,5
123,2015-02-01,6,0,0,0,0,0,0,2015,5
123,2015-02-02,9,2,0,2,0,0,0,2015,6
123,2015-02-03,5,0,0,0,0,0,0,2015,6
123,2015-02-04,5,1,0,1,0,0,0,2015,6
123,2015-02-05,2,0,0,0,0,0,0,2015,6
123,2015-02-06,2,0,0,0,0,0,0,2015,6
123,2015-02-07,6,1,0,1,0,0,0,2015,6
123,2015-02-08,1,0,0,0,0,0,0,2015,6
123,2015-02-09,1,0,0,0,0,0,0,2015,7
123,2015-02-10,6,0,0,0,0,0,0,2015,7
123,2015-02-11,2,1,0,1,0,0,0,2015,7
123,2015-02-12,2,0,0,0,0,0,0,2015,7
123,2015-02-13,6,0,0,0,0,0,0,2015,7
123,2015-02-14,8,2,0,2,0,0,0,2015,7
123,2015-02-15,9,1,0,2,0,0,0,2015,7
123,2015-02-16,4,1,0,1,0,0,0,2015,8
123,2015-02-17,11,1,0,1,0,0,0,2015,8
123,2015-02-18,8,4,0,10,0,0,0,2015,8
123,2015-02-19,2,1,0,1,0,0,0,2015,8
123,2015-02-20,3,0,0,0,0,0,0,2015,8
123,2015-02-21,10,1,0,5,0,0,0,2015,8
123,2015-02-22,2,0,0,0,0,0,0,2015,8
123,2015-02-23,3,0,0,0,0,0,0,2015,9
123,2015-02-24,3,0,0,0,0,0,0,2015,9
123,2015-02-26,2,0,0,0,0,0,0,2015,9
123,2015-02-27,4,0,0,0,0,0,0,2015,9
123,2015-02-28,5,2,0,2,0,0,2,2015,9
123,2015-03-01,11,2,0,2,0,0,0,2015,9
123,2015-03-02,8,1,0,1,0,0,0,2015,10
123,2015-03-03,4,1,0,1,0,0,1,2015,10
123,2015-03-04,3,0,0,0,0,0,0,2015,10
123,2015-03-05,8,0,0,0,0,0,0,2015,10
123,2015-03-06,6,0,0,0,0,0,0,2015,10
123,2015-03-07,4,1,0,5,0,0,0,2015,10
123,2015-03-08,4,1,0,1,0,0,0,2015,10
123,2015-03-09,4,2,0,3,0,0,1,2015,11
123,2015-03-10,3,0,0,0,0,0,0,2015,11
123,2015-03-11,2,0,0,0,0,0,0,2015,11
123,2015-03-12,6,1,0,1,0,0,0,2015,11
123,2015-03-13,5,1,0,1,0,0,0,2015,11
123,2015-03-14,3,0,0,0,0,0,0,2015,11
123,2015-03-15,6,0,0,0,0,0,0,2015,11
123,2015-03-16,4,1,0,1,0,0,0,2015,12
123,2015-03-17,3,0,0,0,0,0,0,2015,12
123,2015-03-18,5,2,0,2,0,1,0,2015,12
123,2015-03-19,4,1,0,2,0,0,0,2015,12
123,2015-03-20,6,1,1,3,2,0,0,2015,12
123,2015-03-21,5,1,0,1,0,0,0,2015,12
123,2015-03-22,2,0,0,0,0,0,0,2015,12
123,2015-03-23,7,1,0,1,0,0,0,2015,13
123,2015-03-24,4,1,1,1,1,0,0,2015,13
123,2015-03-25,5,0,0,0,0,0,0,2015,13
123,2015-03-26,2,0,0,0,0,0,0,2015,13
123,2015-03-27,5,0,0,0,0,0,0,2015,13
123,2015-03-28,5,0,0,0,0,0,0,2015,13
123,2015-03-29,3,0,0,0,0,0,0,2015,13
123,2015-03-30,4,0,0,0,0,0,0,2015,14
123,2015-03-31,5,3,0,3,0,0,2,2015,14
123,2015-04-01,3,0,0,0,0,0,0,2015,14
123,2015-04-02,1,0,0,0,0,0,0,2015,14
123,2015-04-03,3,1,0,1,0,0,0,2015,14
123,2015-04-04,5,0,0,0,0,0,0,2015,14
123,2015-04-05,5,0,0,0,0,0,0,2015,14
123,2015-04-06,5,1,0,2,0,0,0,2015,15
123,2015-04-07,4,1,0,1,0,0,1,2015,15
123,2015-04-08,1,0,0,0,0,0,0,2015,15
123,2015-04-09,2,0,0,0,0,0,0,2015,15
123,2015-04-10,1,0,0,0,0,0,0,2015,15
123,2015-04-11,2,0,0,0,0,0,0,2015,15
123,2015-04-12,2,0,0,0,0,0,0,2015,15
123,2015-04-13,2,0,0,0,0,0,0,2015,16
123,2015-04-14,5,1,0,1,0,0,0,2015,16
